source,target,predicate,ev_count
20_hydroxy_5_8_11_14_eicosatetraenoic_acid,Hypertension,CAUSES,10
Hypertension,Abdominal_compartment_syndrome,CAUSES,18
Hypertension,Abnormal_renal_function,CAUSES,16
Hypertension,Alzheimers,CAUSES,11
Hypertension,Arteriosclerosis,CAUSES,25
Hypertension,Atherosclerosis,CAUSES,44
Hypertension,Atrial_Fibrillation,CAUSES,28
Hypertension,Blood_Pressure,CAUSES,42
Hypertension,Brain_Edema,CAUSES,11
Hypertension,Brain_hemorrhage,CAUSES,13
Hypertension,cardiac_arrhythmia,CAUSES,10
Hypertension,Cardiac_complication,CAUSES,14
Hypertension,Cardiac_Hypertrophy,CAUSES,134
Hypertension,Cardiomyopathies,CAUSES,16
Hypertension,Cardiovascular_Diseases,CAUSES,243
Hypertension,Cardiovascular_morbidity,CAUSES,81
Hypertension,Cerebral_Edema,CAUSES,10
Hypertension,Cerebral_hemisphere_hemorrhage,CAUSES,57
Hypertension,Cerebral_Hemorrhage,CAUSES,13
Hypertension,Cerebrovascular_accident,CAUSES,138
Hypertension,Cerebrovascular_Disorders,CAUSES,18
Hypertension,Cessation_of_life,CAUSES,375
Hypertension,Chronic_heart_failure,CAUSES,11
Hypertension,Chronic_Kidney_Diseases,CAUSES,36
Hypertension,Congestive_heart_failure,CAUSES,43
Hypertension,Coronary_Arteriosclerosis,CAUSES,25
Hypertension,Coronary_heart_disease,CAUSES,20
Hypertension,Dementia_Vascular,CAUSES,19
Hypertension,Diabetes,CAUSES,21
Hypertension,Diabetes_Mellitus,CAUSES,11
Hypertension,Diabetes_Mellitus_Non_Insulin_Dependent,CAUSES,10
Hypertension,Diabetic_Nephropathy,CAUSES,11
Hypertension,Diastolic_dysfunction,CAUSES,23
Hypertension,Disability_NOS,CAUSES,24
Hypertension,Dissection_of_aorta,CAUSES,14
Hypertension,Edema,CAUSES,28
Hypertension,Encephalopathies,CAUSES,17
Hypertension,end_organ_damage,CAUSES,42
Hypertension,Endothelial_dysfunction,CAUSES,73
Hypertension,End_stage_renal_failure,CAUSES,162
Hypertension,Erectile_dysfunction,CAUSES,20
Hypertension,Essential_Hypertension,CAUSES,21
Hypertension,Extravasation,CAUSES,12
Hypertension,Fetal_Growth_Retardation,CAUSES,15
Hypertension,Fibrosis,CAUSES,56
Hypertension,Glomerulosclerosis,CAUSES,14
Hypertension,Growth,CAUSES,10
Hypertension,Headache,CAUSES,28
Hypertension,Heart_Diseases,CAUSES,47
Hypertension,Heart_failure,CAUSES,235
Hypertension,Hospital_admission,CAUSES,12
Hypertension,Hospitalization,CAUSES,24
Hypertension,Hypertension_Pulmonary,CAUSES,12
Hypertension,Hypertensive_heart_disease_NOS,CAUSES,10
Hypertension,Hypertrophic_Cardiomyopathy,CAUSES,19
Hypertension,Hypertrophy,CAUSES,131
Hypertension,Hypertrophy_Left_Ventricular,CAUSES,263
Hypertension,Hypoxia,CAUSES,12
Hypertension,Infarction,CAUSES,11
Hypertension,Inflammation,CAUSES,27
Hypertension,Insulin_Resistance,CAUSES,19
Hypertension,Intracranial_Hemorrhages,CAUSES,11
Hypertension,Ischemia,CAUSES,20
Hypertension,Ischemic_stroke,CAUSES,12
Hypertension,Kidney_Diseases,CAUSES,65
Hypertension,Kidney_Failure,CAUSES,71
Hypertension,Kidney_Failure_Acute,CAUSES,10
Hypertension,Kidney_Failure_Chronic,CAUSES,127
Hypertension,Labor_Childbirth,CAUSES,42
Hypertension,Lack_of_sensation,CAUSES,13
Hypertension,Myocardial_dysfunction,CAUSES,13
Hypertension,Myocardial_fibrosis,CAUSES,18
Hypertension,Myocardial_Infarction,CAUSES,38
Hypertension,Myocardial_Ischemia,CAUSES,23
Hypertension,Nephrosclerosis,CAUSES,15
Hypertension,Obesity,CAUSES,16
Hypertension,Pathogenesis,CAUSES,11
Hypertension,Pathological_Dilatation,CAUSES,11
Hypertension,Posterior_reversible_encephalopathy_syndrome,CAUSES,15
Hypertension,Pre_Eclampsia,CAUSES,19
Hypertension,Pregnancy,CAUSES,32
Hypertension,Premature_Birth,CAUSES,18
Hypertension,Proteinuria,CAUSES,16
Hypertension,Pulmonary_Edema,CAUSES,10
Hypertension,Purpura_Thrombotic_Thrombocytopenic,CAUSES,13
Hypertension,Renal_Insufficiency,CAUSES,17
Hypertension,Spastic_syndrome,CAUSES,10
Hypertension,Stiffness,CAUSES,11
Hypertension,Vascular_Diseases,CAUSES,16
Hypertension,Ventricular_Dysfunction_Left,CAUSES,14
Hypertension,Ventricular_hypertrophy,CAUSES,11
Abnormal_renal_function,Hypertension,CAUSES,11
Acetate,Hypertension,CAUSES,90
Acetylcholinesterase,Alzheimers,CAUSES,17
Alzheimers,Aging,CAUSES,25
Alzheimers,Amyloid_deposition,CAUSES,10
Alzheimers,Atrophic,CAUSES,21
Alzheimers,Cerebral_atrophy,CAUSES,21
Alzheimers,Cessation_of_life,CAUSES,336
Alzheimers,Degenerative_abnormality,CAUSES,31
Alzheimers,Dementia_Vascular,CAUSES,10
Alzheimers,Disability_NOS,CAUSES,43
Alzheimers,Evaluation,CAUSES,10
Alzheimers,Evaluation_procedure,CAUSES,10
Alzheimers,Inflammation,CAUSES,22
Alzheimers,Lewy_Body_Disease,CAUSES,10
Alzheimers,Memory_Loss,CAUSES,28
Alzheimers,Neurodegenerative_Disorders,CAUSES,29
Alzheimers,Neurofibrillary_Tangles,CAUSES,16
Alzheimers,Parkinson_Disease,CAUSES,14
Alzheimers,Senile_dementia,CAUSES,38
Alzheimers,Senile_Plaques,CAUSES,25
adenoma,Hypertension,CAUSES,16
adenoma,Conn_Syndrome,CAUSES,112
Administration_Oral,Hypertension,CAUSES,20
Adrenal_Cortex_Hormones,Hypertension,CAUSES,28
Adrenal_Cortex_Hormones,Osteoporosis,CAUSES,291
Adrenal_Gland_Neoplasms,Hypertension,CAUSES,10
Adrenergic_Receptor,Hypertension,CAUSES,11
Agent,Alzheimers,CAUSES,21
Agent,Hypertension,CAUSES,31
Agent,Infection,CAUSES,211
Agent,Inflammation,CAUSES,123
Agent,Injury,CAUSES,204
Agent,Neoplasm,CAUSES,109
Agent,Occupational_asthma,CAUSES,100
Agent,Toxic_effect,CAUSES,254
alanosine,Hypertension,CAUSES,89
Aldosterone,Hypertension,CAUSES,84
aluminum,Alzheimers,CAUSES,74
aluminum_chloride,Alzheimers,CAUSES,77
Amyloid_deposition,Alzheimers,CAUSES,46
Atrophic,Alzheimers,CAUSES,10
Cerebral_atrophy,Alzheimers,CAUSES,12
Degenerative_abnormality,Alzheimers,CAUSES,49
Degenerative_abnormality,Hypertension,CAUSES,12
Degenerative_abnormality,Blind_Vision,CAUSES,126
Degenerative_abnormality,Parkinson_Disease,CAUSES,254
Inflammation,Alzheimers,CAUSES,105
Inflammation,Hypertension,CAUSES,62
Inflammation,Asthma,CAUSES,175
Inflammation,Atherosclerosis,CAUSES,221
Inflammation,Cardiovascular_Diseases,CAUSES,133
Inflammation,Cessation_of_life,CAUSES,195
Inflammation,Endothelial_dysfunction,CAUSES,138
Neurodegenerative_Disorders,Alzheimers,CAUSES,35
Neurodegenerative_Disorders,Cessation_of_life,CAUSES,199
Neurofibrillary_Tangles,Alzheimers,CAUSES,17
Parkinson_Disease,Alzheimers,CAUSES,17
Amyloid,Alzheimers,CAUSES,270
Amyloid,Apoptosis,CAUSES,115
Amyloid,Toxic_effect,CAUSES,160
Amyloid_beta,Alzheimers,CAUSES,30
Amyloid_beta_Peptides,Alzheimers,CAUSES,215
Amyloid_beta_Protein_Precursor,Alzheimers,CAUSES,251
Amyloid_Fibrils,Alzheimers,CAUSES,31
Amyloidosis,Alzheimers,CAUSES,19
Amyloidosis,Heart_failure,CAUSES,106
Androgens,Hypertension,CAUSES,13
Angiogenesis_Inhibitors,Hypertension,CAUSES,21
Angiotensin_II,Hypertension,CAUSES,786
Angiotensin_II,Cardiac_Hypertrophy,CAUSES,280
Angiotensin_II,Apoptosis,CAUSES,205
Angiotensin_II,Fibrosis,CAUSES,172
Angiotensin_II,Hypertensive,CAUSES,123
Angiotensin_II,Hypertrophy,CAUSES,426
Angiotensin_II,Oxidative_Stress,CAUSES,125
Angiotensin_II,Water_consumption,CAUSES,151
Angiotensins,Hypertension,CAUSES,32
Antihypertensive_Agents,Hypertension,CAUSES,13
Antioxidants,Alzheimers,CAUSES,23
Antioxidants,Hypertension,CAUSES,20
Antioxidants,Apoptosis,CAUSES,156
Antioxidants,Oxidative_Stress,CAUSES,364
aorta_constriction,Hypertension,CAUSES,19
Aortic_coarctation,Hypertension,CAUSES,62
Apolipoprotein_E4,Alzheimers,CAUSES,13
Apolipoprotein_E_APOE,Alzheimers,CAUSES,68
APP_gene,Alzheimers,CAUSES,240
APP_gene,Apoptosis,CAUSES,199
APP_gene,Cell_Death,CAUSES,149
APP_gene,Cessation_of_life,CAUSES,123
APP_gene,cytotoxicity,CAUSES,118
APP_gene,Toxic_effect,CAUSES,243
APP_protein_human,Alzheimers,CAUSES,299
Arginine,Hypertension,CAUSES,15
Arginine,Pancreatitis,CAUSES,132
arginine_methyl_ester,Hypertension,CAUSES,208
Argipressin,Hypertension,CAUSES,31
Atherosclerosis,Hypertension,CAUSES,18
Atherosclerosis,Cardiovascular_Diseases,CAUSES,283
Atherosclerosis,Cerebrovascular_accident,CAUSES,213
Atherosclerosis,Cessation_of_life,CAUSES,470
Atherosclerosis,Myocardial_Infarction,CAUSES,149
Atherosclerotic_renal_artery_stenosis,Hypertension,CAUSES,21
ATM_gene_ATM,Hypertension,CAUSES,11
Autonomic_Dysreflexia,Hypertension,CAUSES,11
Banding_procedure,Hypertension,CAUSES,13
Banding_procedure,Cardiac_Hypertrophy,CAUSES,107
beta_site_APP_cleaving_enzyme_1_BACE1,Alzheimers,CAUSES,15
bevacizumab,Hypertension,CAUSES,47
Bilateral_renal_artery_stenosis,Hypertension,CAUSES,17
Blood_Pressure_Monitoring_Ambulatory,Hypertension,CAUSES,10
Brain_Injuries,Alzheimers,CAUSES,10
Cadmium,Hypertension,CAUSES,47
Cadmium,Oxidative_Stress,CAUSES,338
Cadmium,Injury,CAUSES,121
Cadmium,Toxic_effect,CAUSES,150
Calcineurin_inhibitor,Hypertension,CAUSES,13
Calcium,Hypertension,CAUSES,10
Candidate_Disease_Gene,Hypertension,CAUSES,11
Cardiovascular_Diseases,Hypertension,CAUSES,29
Cardiovascular_Diseases,Cessation_of_life,CAUSES,6288
Cardiovascular_Diseases,Hospitalization,CAUSES,113
Catecholamines,Hypertension,CAUSES,38
Catecholamines,Cardiomyopathies,CAUSES,143
Cerebral_Amyloid_Angiopathy,Alzheimers,CAUSES,12
Cerebrospinal_Fluid,Alzheimers,CAUSES,17
Cerebrovascular_accident,Hypertension,CAUSES,22
Cerebrovascular_accident,Cessation_of_life,CAUSES,3038
Cerebrovascular_accident,Disability_NOS,CAUSES,964
Cerebrovascular_accident,Hemiparesis,CAUSES,167
Cerebrovascular_accident,Hemiplegia,CAUSES,131
Cholesterol,Alzheimers,CAUSES,42
Cholesterol,Atherosclerosis,CAUSES,205
Chronic_inflammation,Alzheimers,CAUSES,19
Chronic_inflammation,Hypertension,CAUSES,12
Chronic_Kidney_Diseases,Hypertension,CAUSES,19
Chymosin_REN,Hypertension,CAUSES,15
Clip,Hypertension,CAUSES,16
Clipping,Hypertension,CAUSES,14
Closure_by_clamp,Hypertension,CAUSES,10
Closure_by_clamp,Ischemia,CAUSES,205
Cocaine,Hypertension,CAUSES,17
Cocaine,Hyperactive_behavior,CAUSES,142
Compression_procedure,Hypertension,CAUSES,36
Congenital_Abnormality,Hypertension,CAUSES,17
Conn_Syndrome,Hypertension,CAUSES,188
Conn_Syndrome,Secondary_hypertension,CAUSES,137
Constriction_procedure,Hypertension,CAUSES,58
Constriction_procedure,Cardiac_Hypertrophy,CAUSES,175
Constriction_procedure,Heart_failure,CAUSES,110
Contraceptives_Oral,Hypertension,CAUSES,35
Copper,Alzheimers,CAUSES,12
Corticosterone,Hypertension,CAUSES,13
Corticotropin,Hypertension,CAUSES,59
COVID_19,Hypertension,CAUSES,17
COVID_19,Cessation_of_life,CAUSES,1500
COVID_19,Challenge,CAUSES,331
COVID_19,Cytokine_Storm,CAUSES,117
COVID_19,Hospitalization,CAUSES,411
COVID_19,Inflammation,CAUSES,147
COVID_19,Pneumonia,CAUSES,241
COVID_19,Respiratory_Distress_Syndrome_Adult,CAUSES,422
COVID_19,Respiratory_Failure,CAUSES,156
COVID_19,Severe_Acute_Respiratory_Syndrome,CAUSES,105
COVID_19,Telemedicine,CAUSES,115
Cushing_Syndrome,Hypertension,CAUSES,10
Cyclosporine,Hypertension,CAUSES,161
Cyclosporine,Gingival_Overgrowth,CAUSES,248
Cyclosporine,NEPHROTOXICITY,CAUSES,332
cytokine,Alzheimers,CAUSES,23
cytokine,Apoptosis,CAUSES,415
cytokine,Cell_Death,CAUSES,106
cytokine,Immune_response,CAUSES,120
cytokine,Inflammation,CAUSES,386
cytokine,Inflammatory_Response,CAUSES,167
cytokine,Injury,CAUSES,113
cytokine,Rheumatoid_Arthritis,CAUSES,105
Dementia,Alzheimers,CAUSES,61
Denervation,Hypertension,CAUSES,22
Deoxycorticosterone,Hypertension,CAUSES,49
desoxycorticosterone_acetate,Hypertension,CAUSES,56
Deterioration,Alzheimers,CAUSES,10
Dexamethasone,Hypertension,CAUSES,65
Dexamethasone,Apoptosis,CAUSES,562
Dexamethasone,Insulin_Resistance,CAUSES,112
Diabetes,Alzheimers,CAUSES,22
Diabetes,Hypertension,CAUSES,43
Diabetes,Blind_Vision,CAUSES,167
Diabetes,Cessation_of_life,CAUSES,502
Diabetes,Endothelial_dysfunction,CAUSES,132
Diabetes,End_stage_renal_failure,CAUSES,264
Diabetes,Hyperglycemia,CAUSES,145
Diabetes,Inflammation,CAUSES,101
Diabetes,Kidney_Diseases,CAUSES,112
Diabetes,Kidney_Failure_Chronic,CAUSES,187
Diabetes_Mellitus,Hypertension,CAUSES,15
Diabetes_Mellitus,Cessation_of_life,CAUSES,183
Diabetes_Mellitus,End_stage_renal_failure,CAUSES,202
Diabetes_Mellitus,Kidney_Failure_Chronic,CAUSES,131
Diabetes_Mellitus_Non_Insulin_Dependent,Alzheimers,CAUSES,15
Diabetes_Mellitus_Non_Insulin_Dependent,Cessation_of_life,CAUSES,109
Diabetic_Nephropathy,Hypertension,CAUSES,10
Diabetic_Nephropathy,End_stage_renal_failure,CAUSES,942
Diabetic_Nephropathy,Kidney_Failure,CAUSES,180
Diabetic_Nephropathy,Kidney_Failure_Chronic,CAUSES,654
Diet,Alzheimers,CAUSES,18
Diet,Hypertension,CAUSES,263
Diet,Atherosclerosis,CAUSES,512
Diet,Diabetes,CAUSES,193
Diet,Diabetes_Mellitus_Non_Insulin_Dependent,CAUSES,165
Diet,Dyslipidemias,CAUSES,126
Diet,Fatty_degeneration,CAUSES,141
Diet,Fatty_Liver,CAUSES,534
Diet,Fibrosis,CAUSES,124
Diet,Glucose_Intolerance,CAUSES,112
Diet,hypercholesterolemia,CAUSES,414
Diet,Hyperglycemia,CAUSES,108
Diet,Hyperhomocysteinemia,CAUSES,134
Diet,Hyperlipidemia,CAUSES,265
Diet,Inflammation,CAUSES,399
Diet,Injury,CAUSES,113
Diet,Insulin_Resistance,CAUSES,891
Diet,Metabolic_Diseases,CAUSES,195
Diet,Metabolic_syndrome,CAUSES,202
Diet,Mouse_Model,CAUSES,113
Diet,Non_alcoholic_Fatty_Liver_Disease,CAUSES,201
Diet,Nonalcoholic_Steatohepatitis,CAUSES,241
Diet,Obesity,CAUSES,5156
Diet,Oxidative_Stress,CAUSES,194
Diet,Steatohepatitis_non_alcoholic,CAUSES,100
Diet_High_Fat,Hypertension,CAUSES,32
Diet_High_Fat,Arteriosclerosis,CAUSES,134
Diet_High_Fat,Diabetes,CAUSES,114
Diet_High_Fat,Diabetes_Mellitus_Non_Insulin_Dependent,CAUSES,184
Diet_High_Fat,Dysbiosis,CAUSES,163
Diet_High_Fat,Fatty_Liver,CAUSES,342
Diet_High_Fat,Hyperlipidemia,CAUSES,151
Diet_High_Fat,Inflammation,CAUSES,240
Diet_High_Fat,Insulin_Resistance,CAUSES,651
Diet_High_Fat,Metabolic_Diseases,CAUSES,176
Diet_High_Fat,Non_alcoholic_Fatty_Liver_Disease,CAUSES,527
Diet_High_Fat,Nonalcoholic_Steatohepatitis,CAUSES,138
Diet_High_Fat,Obesity,CAUSES,1876
Diet_Protein_Restricted,Hypertension,CAUSES,19
DNA_Mitochondrial,Alzheimers,CAUSES,10
DOCA,Hypertension,CAUSES,17
Dopamine,Hypertension,CAUSES,28
Dopamine_Receptor,Hypertension,CAUSES,13
Down_Syndrome,Alzheimers,CAUSES,14
Drinking_Water,Hypertension,CAUSES,20
Embolism,Hypertension,CAUSES,13
Embolism,Cerebrovascular_accident,CAUSES,129
Emotional_Stress,Hypertension,CAUSES,12
Endocrine_System_Diseases,Hypertension,CAUSES,13
Endopeptidases,Alzheimers,CAUSES,10
Endopeptidases,Cytokinesis_of_the_fertilized_ovum,CAUSES,119
Endothelial_dysfunction,Hypertension,CAUSES,59
Endothelial_dysfunction,Atherosclerosis,CAUSES,128
Endothelial_dysfunction,Cardiovascular_Diseases,CAUSES,102
Endothelin,Hypertension,CAUSES,32
Endothelin_1,Hypertension,CAUSES,39
Epinephrine,Hypertension,CAUSES,60
Epinephrine,cardiac_arrhythmia,CAUSES,227
Epinephrine,Hyperglycemia,CAUSES,111
Epinephrine,Platelet_aggregation,CAUSES,279
ERCC8_CSH1_HSPA9,Hypertension,CAUSES,24
Erythropoietin,Hypertension,CAUSES,38
Essential_Hypertension,Hypertension,CAUSES,18
Estrogens,Hypertension,CAUSES,23
Estrogens,Apoptosis,CAUSES,114
Estrogens,Malignant_neoplasm_of_breast,CAUSES,129
Ethanol,Hypertension,CAUSES,78
Ethanol,Apoptosis,CAUSES,363
Ethanol,Cell_Death,CAUSES,154
Ethanol,cell_injury,CAUSES,103
Ethanol,Congenital_Abnormality,CAUSES,116
Ethanol,Death_finding,CAUSES,106
Ethanol,Fatty_degeneration,CAUSES,159
Ethanol,Fatty_Liver,CAUSES,254
Ethanol,Fibrosis,CAUSES,160
Ethanol,Gastric_mucosal_lesion,CAUSES,109
Ethanol,Gastric_ulcer,CAUSES,361
Ethanol,Hepatotoxicity,CAUSES,177
Ethanol,Inflammation,CAUSES,136
Ethanol,Injury,CAUSES,1289
Ethanol,Injury_of_stomach,CAUSES,305
Ethanol,Lesion,CAUSES,276
Ethanol,Lesion_of_stomach,CAUSES,476
Ethanol,Liver_damage,CAUSES,218
Ethanol,Liver_diseases,CAUSES,123
Ethanol,Nerve_Degeneration,CAUSES,113
Ethanol,Oxidative_Stress,CAUSES,471
Ethanol,Pancreatitis,CAUSES,100
Ethanol,Sedation,CAUSES,127
Ethanol,Stress,CAUSES,121
Ethanol,Toxic_effect,CAUSES,239
Ethanol,Ulcer,CAUSES,304
Excision,Hypertension,CAUSES,19
Fetal_Growth_Retardation,Hypertension,CAUSES,17
Fibromuscular_Dysplasia,Hypertension,CAUSES,40
Fibrosis,Hypertension,CAUSES,15
Fibrosis,Cessation_of_life,CAUSES,165
Fibrosis,Hypertension_Portal,CAUSES,182
Fluid_overload,Hypertension,CAUSES,17
Free_Radicals,Alzheimers,CAUSES,16
Free_Radicals,cell_injury,CAUSES,152
Free_Radicals,DNA_Damage,CAUSES,144
Free_Radicals,Injury,CAUSES,208
Free_Radicals,Oxidative_Stress,CAUSES,438
Fructose,Hypertension,CAUSES,101
Fructose,Insulin_Resistance,CAUSES,137
galactose,Alzheimers,CAUSES,13
gamma_secretase,Alzheimers,CAUSES,40
Gene_Mutation,Alzheimers,CAUSES,17
gene_therapy,Alzheimers,CAUSES,30
gene_therapy,Amyotrophic_Lateral_Sclerosis,CAUSES,131
gene_therapy,Pick_Disease_of_the_Brain,CAUSES,107
Glucocorticoid_remediable_aldosteronism,Hypertension,CAUSES,14
Glucocorticoids,Hypertension,CAUSES,108
Glucocorticoids,Bone_necrosis,CAUSES,133
Glucocorticoids,Insulin_Resistance,CAUSES,129
Glucocorticoids,loss_bone,CAUSES,137
Glucocorticoids,Muscular_Atrophy,CAUSES,114
Glucocorticoids,Osteoporosis,CAUSES,1067
Glycogen_Synthase_Kinase_3,Alzheimers,CAUSES,15
Glycosylation_End_Products_Advanced,Alzheimers,CAUSES,10
Glycosylation_End_Products_Advanced,Apoptosis,CAUSES,100
Glycyrrhizic_Acid,Hypertension,CAUSES,13
Heart_failure,Hypertension,CAUSES,15
Heart_failure,Cessation_of_life,CAUSES,1080
Heart_failure,Hospital_admission,CAUSES,121
Heart_failure,Hospitalization,CAUSES,864
Herpesvirus_1_Human,Alzheimers,CAUSES,20
homocysteine,Alzheimers,CAUSES,14
homocysteine,Apoptosis,CAUSES,115
hydrochloride,Hypertension,CAUSES,11
Hydrocortisone,Hypertension,CAUSES,40
Hydronephrosis,Hypertension,CAUSES,22
Hyperaldosteronism,Hypertension,CAUSES,29
Hypercalcemia,Hypertension,CAUSES,10
Hyperglycemia,Hypertension,CAUSES,13
Hyperglycemia,Diabetes,CAUSES,111
Hyperglycemia,Endothelial_dysfunction,CAUSES,195
Hyperglycemia,Inflammation,CAUSES,108
Hyperinsulinism,Hypertension,CAUSES,55
Hyperinsulinism,hypoglycemia,CAUSES,122
Hypernatremia,Hypertension,CAUSES,35
Hyperplasia,Hypertension,CAUSES,13
Hypertension_Renovascular,Hypertension,CAUSES,28
Arteriosclerosis,Cardiovascular_Diseases,CAUSES,244
Arteriosclerosis,Cessation_of_life,CAUSES,131
Atrial_Fibrillation,Cerebrovascular_accident,CAUSES,310
Atrial_Fibrillation,Ischemic_stroke,CAUSES,124
cardiac_arrhythmia,Cessation_of_life,CAUSES,236
Cardiac_complication,Cessation_of_life,CAUSES,120
Cardiac_Hypertrophy,Heart_failure,CAUSES,138
Cardiomyopathies,Cessation_of_life,CAUSES,199
Cardiomyopathies,Heart_failure,CAUSES,303
Cerebral_hemisphere_hemorrhage,Cessation_of_life,CAUSES,110
Cerebrovascular_Disorders,Cessation_of_life,CAUSES,328
Congestive_heart_failure,Cessation_of_life,CAUSES,179
Congestive_heart_failure,Hospitalization,CAUSES,112
Coronary_Arteriosclerosis,Cessation_of_life,CAUSES,1256
Coronary_Arteriosclerosis,Heart_failure,CAUSES,220
Coronary_Arteriosclerosis,Myocardial_Infarction,CAUSES,122
Coronary_heart_disease,Cessation_of_life,CAUSES,780
Heart_Diseases,Cessation_of_life,CAUSES,869
Heart_Diseases,Heart_failure,CAUSES,102
Heart_Diseases,Hypertension_Pulmonary,CAUSES,152
Hypertension_Pulmonary,Right_ventricular_failure,CAUSES,139
Hypertrophic_Cardiomyopathy,Death_Sudden,CAUSES,100
Hypertrophic_Cardiomyopathy,Death_Sudden_Cardiac,CAUSES,117
Hypertrophy,Hypertension,CAUSES,20
Hypoxia,Alzheimers,CAUSES,20
Hypoxia,Hypertension,CAUSES,148
Hypoxia,Cessation_of_life,CAUSES,299
Hypoxia,Hypertension_Pulmonary,CAUSES,890
Hypoxia,Pulmonary_arterial_hypertension,CAUSES,154
Insulin_Resistance,Alzheimers,CAUSES,35
Insulin_Resistance,Hypertension,CAUSES,88
Insulin_Resistance,Diabetes,CAUSES,127
Insulin_Resistance,Diabetes_Mellitus_Non_Insulin_Dependent,CAUSES,487
Insulin_Resistance,Hyperglycemia,CAUSES,196
Insulin_Resistance,Hyperinsulinism,CAUSES,116
Ischemia,Alzheimers,CAUSES,12
Ischemia,Hypertension,CAUSES,58
Ischemia,cardiac_arrhythmia,CAUSES,264
Ischemia,Cessation_of_life,CAUSES,474
Ischemia,Infarction,CAUSES,129
Ischemia,Kidney_Failure_Acute,CAUSES,116
Ischemia,Necrosis,CAUSES,161
Ischemia,Ventricular_arrhythmia,CAUSES,101
Ischemia,Ventricular_Fibrillation,CAUSES,115
Ischemic_stroke,Cessation_of_life,CAUSES,518
Ischemic_stroke,Disability_NOS,CAUSES,129
Kidney_Diseases,Hypertension,CAUSES,124
Kidney_Diseases,Cessation_of_life,CAUSES,130
Kidney_Diseases,End_stage_renal_failure,CAUSES,128
Kidney_Diseases,Kidney_Failure,CAUSES,149
Kidney_Diseases,Kidney_Failure_Chronic,CAUSES,105
Kidney_Failure,Hypertension,CAUSES,16
Kidney_Failure,Cessation_of_life,CAUSES,246
Kidney_Failure_Chronic,Hypertension,CAUSES,51
Kidney_Failure_Chronic,Anemia,CAUSES,104
Myocardial_Infarction,Cessation_of_life,CAUSES,883
Myocardial_Infarction,Heart_failure,CAUSES,517
Myocardial_Ischemia,Cessation_of_life,CAUSES,541
Myocardial_Ischemia,Heart_failure,CAUSES,147
Obesity,Alzheimers,CAUSES,10
Obesity,Hypertension,CAUSES,289
Obesity,Cardiovascular_Diseases,CAUSES,129
Obesity,Cessation_of_life,CAUSES,208
Obesity,Chronic_inflammation,CAUSES,182
Obesity,Diabetes,CAUSES,194
Obesity,Diabetes_Mellitus_Non_Insulin_Dependent,CAUSES,320
Obesity,Fatty_Liver,CAUSES,120
Obesity,Inflammation,CAUSES,796
Obesity,Insulin_Resistance,CAUSES,956
Obesity,Metabolic_Diseases,CAUSES,187
Obesity,Metabolic_syndrome,CAUSES,118
Pathogenesis,Alzheimers,CAUSES,27
Pathogenesis,Hypertension,CAUSES,13
Pre_Eclampsia,Hypertension,CAUSES,41
Premature_Birth,Cessation_of_life,CAUSES,121
Renal_Insufficiency,Hypertension,CAUSES,10
Spastic_syndrome,Hypertrophy,CAUSES,108
Stiffness,Hypertension,CAUSES,13
Vascular_Diseases,Alzheimers,CAUSES,12
Vascular_Diseases,Hypertension,CAUSES,10
Vascular_Diseases,Cessation_of_life,CAUSES,129
Hyperuricemia,Hypertension,CAUSES,32
Hypoplasia,Hypertension,CAUSES,10
imbalance,Alzheimers,CAUSES,38
imbalance,Hypertension,CAUSES,28
imbalance,Obesity,CAUSES,190
imbalance,Osteoporosis,CAUSES,107
Immobilization,Hypertension,CAUSES,10
Immobilization,Muscular_Atrophy,CAUSES,124
Immunosuppressive_Agents,Hypertension,CAUSES,10
IMPACT_gene,Alzheimers,CAUSES,16
IMPACT_gene,Hypertension,CAUSES,10
Impaired_cognition,Alzheimers,CAUSES,13
Inflammasomes,Alzheimers,CAUSES,10
Inflammasomes,Pyroptosis,CAUSES,152
Inflammatory_Response,Alzheimers,CAUSES,28
Inflammatory_Response,Hypertension,CAUSES,11
Infusion_procedures,Hypertension,CAUSES,39
inhibitors,Hypertension,CAUSES,45
inhibitors,Immune_Tolerance,CAUSES,106
inhibitors,Toxic_effect,CAUSES,135
Injection,Alzheimers,CAUSES,25
Injection_procedure,Alzheimers,CAUSES,44
Injection_procedure,Hypertension,CAUSES,33
Injection_procedure,Arthritis,CAUSES,111
Injection_procedure,Diabetes,CAUSES,322
Injection_procedure,Edema,CAUSES,178
Injection_procedure,Inflammation,CAUSES,390
Injection_procedure,Pancreatitis,CAUSES,205
Injury,Alzheimers,CAUSES,19
Injury,Hypertension,CAUSES,35
Injury,Degenerative_abnormality,CAUSES,156
Injury,Disability_NOS,CAUSES,443
Injury,Fibrosis,CAUSES,247
Injury,Hyperplasia,CAUSES,149
Injury,Inflammation,CAUSES,298
Injury,Inflammatory_Response,CAUSES,164
Injury,Neuropathic_pain,CAUSES,165
Injury,Pain,CAUSES,400
Insulin,Hypertension,CAUSES,24
Insulin,Diabetes,CAUSES,114
Insulin,Hyperglycemia,CAUSES,125
Insulin,hypoglycemia,CAUSES,451
Insulin,Insulin_Resistance,CAUSES,112
Intestinal_Microbiome,Alzheimers,CAUSES,29
Intestinal_Microbiome,Hypertension,CAUSES,13
Intubation_Intratracheal,Hypertension,CAUSES,20
Ions,Alzheimers,CAUSES,30
Ions,Dissociation,CAUSES,110
Ions,Toxic_effect,CAUSES,138
Iron,Alzheimers,CAUSES,15
Iron,Injury,CAUSES,108
Iron,Oxidative_Stress,CAUSES,325
Juxtaglomerular_tumor,Hypertension,CAUSES,31
Kidney_Transplantation,Hypertension,CAUSES,12
Leptin_LEP,Hypertension,CAUSES,13
Leptin_LEP,Obesity,CAUSES,102
Licorice,Hypertension,CAUSES,34
Ligation,Hypertension,CAUSES,45
Ligation,Cholestasis,CAUSES,184
Ligation,Fibrosis,CAUSES,166
Ligation,Fibrosis_Liver,CAUSES,166
Ligation,Heart_failure,CAUSES,100
Ligation,Hypertension_Portal,CAUSES,117
Ligation,Ischemia,CAUSES,332
Ligation,Myocardial_Infarction,CAUSES,698
Ligation,Septicemia,CAUSES,409
Lipids,Alzheimers,CAUSES,20
Lipids,Insulin_Resistance,CAUSES,263
Lipopolysaccharides,Alzheimers,CAUSES,20
Lipopolysaccharides,Hypertension,CAUSES,12
Lipopolysaccharides,Acute_inflammation,CAUSES,329
Lipopolysaccharides,Acute_Lung_Injury,CAUSES,2381
Lipopolysaccharides,Apoptosis,CAUSES,426
Lipopolysaccharides,Bacterial_Vaginosis,CAUSES,107
Lipopolysaccharides,cell_injury,CAUSES,384
Lipopolysaccharides,cytotoxicity,CAUSES,168
Lipopolysaccharides,Depressive_disorder,CAUSES,166
Lipopolysaccharides,Endotoxemia,CAUSES,584
Lipopolysaccharides,Fever,CAUSES,390
Lipopolysaccharides,Human_cells,CAUSES,212
Lipopolysaccharides,Impaired_cognition,CAUSES,152
Lipopolysaccharides,Inflammation,CAUSES,4232
Lipopolysaccharides,Inflammatory_Response,CAUSES,2090
Lipopolysaccharides,Injury,CAUSES,1616
Lipopolysaccharides,Kidney_Failure_Acute,CAUSES,198
Lipopolysaccharides,Liver_damage,CAUSES,155
Lipopolysaccharides,Liver_Failure_Acute,CAUSES,168
Lipopolysaccharides,Lung_Injury,CAUSES,357
Lipopolysaccharides,Memory_impairment,CAUSES,138
Lipopolysaccharides,microglial_cell_activation,CAUSES,118
Lipopolysaccharides,Mouse_Model,CAUSES,392
Lipopolysaccharides,Neuroinflammation,CAUSES,320
Lipopolysaccharides,Oxidative_Stress,CAUSES,565
Lipopolysaccharides,Peritonitis,CAUSES,102
Lipopolysaccharides,Pneumonia,CAUSES,446
Lipopolysaccharides,Pyroptosis,CAUSES,151
Lipopolysaccharides,Respiratory_Distress_Syndrome_Adult,CAUSES,274
Lipopolysaccharides,Septicemia,CAUSES,782
Lipopolysaccharides,Septic_Shock,CAUSES,325
Lipopolysaccharides,Shock,CAUSES,257
Lipopolysaccharides,Shock_Endotoxic,CAUSES,227
Lipopolysaccharides,Stress,CAUSES,141
Lipopolysaccharides,Toxic_effect,CAUSES,147
Liquid_substance,Hypertension,CAUSES,15
Magnesium,Hypertension,CAUSES,12
Malnutrition,Hypertension,CAUSES,21
Malnutrition,Cessation_of_life,CAUSES,148
MAPT,Alzheimers,CAUSES,60
MAPT,Nerve_Degeneration,CAUSES,105
MAPT_protein_human_MAPT,Alzheimers,CAUSES,45
Memory_impairment,Alzheimers,CAUSES,16
Mental_deterioration,Alzheimers,CAUSES,12
Metabolic_syndrome,Hypertension,CAUSES,14
Metals,Alzheimers,CAUSES,17
Metals,Oxidative_Stress,CAUSES,238
Metals,Toxic_effect,CAUSES,230
MicroRNAs,Alzheimers,CAUSES,39
MicroRNAs,Hypertension,CAUSES,13
MicroRNAs,Malignant_Neoplasms,CAUSES,184
MicroRNAs,Silence,CAUSES,128
Mineralocorticoid_Receptor,Hypertension,CAUSES,21
Mineralocorticoids,Hypertension,CAUSES,36
Mutation,Alzheimers,CAUSES,188
Mutation,Hypertension,CAUSES,82
Mutation,Adrenoleukodystrophy,CAUSES,110
Mutation,Amyotrophic_Lateral_Sclerosis,CAUSES,467
Mutation,Ataxia_Telangiectasia,CAUSES,130
Mutation,Autosomal_Dominant_Disorder,CAUSES,105
Mutation,Autosomal_Recessive_Disorder,CAUSES,281
Mutation,beta_Thalassemia,CAUSES,123
Mutation,Cardiomyopathies,CAUSES,204
Mutation,Cardiomyopathy_Dilated,CAUSES,162
Mutation,Charcot_Marie_Tooth_Disease,CAUSES,161
Mutation,Congenital_Disorders,CAUSES,135
Mutation,Connective_Tissue_Diseases,CAUSES,131
Mutation,Cystic_Fibrosis,CAUSES,908
Mutation,Deafness,CAUSES,215
Mutation,Diabetes,CAUSES,231
Mutation,Epilepsy,CAUSES,224
Mutation,Fabry_Disease,CAUSES,143
Mutation,Familial_Alzheimer_s_disease,CAUSES,128
Mutation,Familial_disease,CAUSES,148
Mutation,Familial_Mediterranean_Fever,CAUSES,115
Mutation,Gaucher_Disease,CAUSES,163
Mutation,hearing_impairment,CAUSES,321
Mutation,Hepatolenticular_Degeneration,CAUSES,160
Mutation,Hereditary_Diseases,CAUSES,1743
Mutation,Huntington_Disease,CAUSES,142
Mutation,Hypercholesterolemia_Familial,CAUSES,332
Mutation,Hypertrophic_Cardiomyopathy,CAUSES,330
Mutation,Immunologic_Deficiency_Syndromes,CAUSES,153
Mutation,Leukoencephalopathy,CAUSES,132
Mutation,Long_QT_Syndrome,CAUSES,198
Mutation,Lysosomal_Storage_Diseases,CAUSES,530
Mutation,Marfan_Syndrome,CAUSES,221
Mutation,Metabolic_Diseases,CAUSES,133
Mutation,Mitochondrial_Diseases,CAUSES,226
Mutation,Muscular_Dystrophies,CAUSES,177
Mutation,Muscular_Dystrophy_Duchenne,CAUSES,386
Mutation,Myasthenic_Syndromes_Congenital,CAUSES,107
Mutation,Myopathy,CAUSES,435
Mutation,nervous_system_disorder,CAUSES,185
Mutation,Neurodegenerative_Disorders,CAUSES,444
Mutation,Neuromuscular_Diseases,CAUSES,136
Mutation,Obesity,CAUSES,142
Mutation,Osteogenesis_Imperfecta,CAUSES,187
Mutation,Parkinson_Disease,CAUSES,435
Mutation,Parkinsonian_Disorders,CAUSES,120
Mutation,Polycystic_Kidney_Autosomal_Dominant,CAUSES,254
Mutation,Primary_immune_deficiency_disorder,CAUSES,153
Mutation,Rare_Diseases,CAUSES,1750
Mutation,Retinal_Degeneration,CAUSES,123
Mutation,Retinitis_Pigmentosa,CAUSES,192
Mutation,Rett_Syndrome,CAUSES,428
Mutation,Skin_Diseases_Genetic,CAUSES,100
Mutation,Spinal_Muscular_Atrophy,CAUSES,251
Mutation,X_linked_agammaglobulinemia,CAUSES,105
Na_K_Exchanging_ATPase,Hypertension,CAUSES,10
Neoplasm,Hypertension,CAUSES,60
Neoplasm,Hypercalcemia,CAUSES,153
Neoplasm,Malignant_Neoplasms,CAUSES,150
Neoplasm,Neoplasm_Metastasis,CAUSES,101
Neoplasm_Metastasis,Hypertension,CAUSES,24
Nephrectomy,Hypertension,CAUSES,30
Nephrectomy,Kidney_Failure_Chronic,CAUSES,144
Nerve_Degeneration,Alzheimers,CAUSES,83
neuronal,Alzheimers,CAUSES,10
neuron_loss,Alzheimers,CAUSES,17
Neurotoxins,Alzheimers,CAUSES,13
Neurotoxins,Parkinson_Disease,CAUSES,109
NG_Nitroarginine_Methyl_Ester,Hypertension,CAUSES,152
Nicotine,Hypertension,CAUSES,11
Nicotinic_Receptors,Alzheimers,CAUSES,10
Nitric_Oxide,Alzheimers,CAUSES,11
Nitric_Oxide,Hypertension,CAUSES,93
Nitric_Oxide,Injury,CAUSES,106
Nitric_Oxide,Vasodilation,CAUSES,362
Nitric_Oxide_Synthase,Hypertension,CAUSES,32
Nitroarginine,Hypertension,CAUSES,12
Noise,Hypertension,CAUSES,22
Norepinephrine,Hypertension,CAUSES,101
Norepinephrine,depolarization,CAUSES,148
NOS3_protein_human_NOS3,Hypertension,CAUSES,26
Obstruction,Hypertension,CAUSES,60
Obstruction,Acute_myocardial_infarction,CAUSES,161
Obstruction,Cerebral_Infarction,CAUSES,105
Obstruction,Cerebral_Ischemia,CAUSES,312
Obstruction,Cerebrovascular_accident,CAUSES,176
Obstruction,Cessation_of_life,CAUSES,124
Obstruction,Hydrocephalus,CAUSES,150
Obstruction,Hydronephrosis,CAUSES,112
Obstruction,Ischemia,CAUSES,749
Obstruction,Ischemic_stroke,CAUSES,130
Obstruction,Myocardial_Infarction,CAUSES,274
Obstruction,Myocardial_Ischemia,CAUSES,113
Obstruction,Stroke_Acute,CAUSES,170
Okadaic_Acid,Alzheimers,CAUSES,21
Okadaic_Acid,Apoptosis,CAUSES,114
Operative_Surgical_Procedures,Hypertension,CAUSES,41
Operative_Surgical_Procedures,Inflammation,CAUSES,114
Operative_Surgical_Procedures,Obstruction,CAUSES,111
Ouabain,Hypertension,CAUSES,60
Ouabain,cardiac_arrhythmia,CAUSES,181
Overweight,Hypertension,CAUSES,14
Oxidation,Alzheimers,CAUSES,16
Oxidative_Stress,Alzheimers,CAUSES,232
Oxidative_Stress,Hypertension,CAUSES,96
Oxidative_Stress,Cardiovascular_Diseases,CAUSES,105
Oxidative_Stress,Endothelial_dysfunction,CAUSES,233
Oxidative_Stress,Neurodegenerative_Disorders,CAUSES,150
Oxidative_Stress,Parkinson_Disease,CAUSES,197
Paraganglioma,Hypertension,CAUSES,14
Pathologic_Processes,Alzheimers,CAUSES,29
Peptidyl_Dipeptidase_A,Hypertension,CAUSES,20
Perinephritis,Hypertension,CAUSES,12
Pharmacotherapy,Hypertension,CAUSES,13
Pharmacotherapy,Alopecia,CAUSES,320
Pharmacotherapy,Anemia,CAUSES,359
Pharmacotherapy,Febrile_neutropenia,CAUSES,207
Pharmacotherapy,Leukopenia,CAUSES,356
Pharmacotherapy,Mucositis,CAUSES,257
Pharmacotherapy,Myelosuppression,CAUSES,215
Pharmacotherapy,Neuropathy,CAUSES,258
Pharmacotherapy,Neutropenia,CAUSES,779
Pharmacotherapy,Oral_Mucositis,CAUSES,222
Pharmacotherapy,Peripheral_Neuropathy,CAUSES,809
Pharmacotherapy,Stomatitis,CAUSES,135
Pharmacotherapy,Thrombocytopenia,CAUSES,314
Phenylephrine,Hypertension,CAUSES,101
Phenylephrine,Hypertrophy,CAUSES,158
Pheochromocytoma,Hypertension,CAUSES,169
Plasma,Hypertension,CAUSES,14
Players,Alzheimers,CAUSES,19
Polymorphism_Genetic,Alzheimers,CAUSES,13
Polymorphism_Genetic,Hypertension,CAUSES,16
Potassium,Hypertension,CAUSES,10
Potassium,depolarization,CAUSES,230
presenilin,Alzheimers,CAUSES,37
presenilin_1,Alzheimers,CAUSES,22
Pressors,Hypertension,CAUSES,15
Prions,Alzheimers,CAUSES,17
Prions,Neurodegenerative_Disorders,CAUSES,131
Prions,Prion_Diseases,CAUSES,200
Prostaglandins,Hypertension,CAUSES,15
PS2_protein_alzheimer_associated_PSEN2,Alzheimers,CAUSES,10
PSEN1,Alzheimers,CAUSES,15
Rare_Diseases,Hypertension,CAUSES,11
Reactive_Oxygen_Species,Alzheimers,CAUSES,20
Reactive_Oxygen_Species,Hypertension,CAUSES,38
Reactive_Oxygen_Species,cell_injury,CAUSES,407
Reactive_Oxygen_Species,cytotoxicity,CAUSES,152
Reactive_Oxygen_Species,DNA_Damage,CAUSES,675
Reactive_Oxygen_Species,Inflammation,CAUSES,158
Reactive_Oxygen_Species,Injury,CAUSES,312
Reactive_Oxygen_Species,Lesion,CAUSES,114
Reactive_Oxygen_Species,Oxidative_Damage,CAUSES,154
Reactive_Oxygen_Species,Oxidative_Stress,CAUSES,1491
Reactive_Oxygen_Species,Stress,CAUSES,221
Reactive_Oxygen_Species,Tissue_damage,CAUSES,143
Reactive_Oxygen_Species,Toxic_effect,CAUSES,144
receptor,Alzheimers,CAUSES,26
receptor,Hypertension,CAUSES,27
receptor,Apoptosis,CAUSES,347
Recombinant_Erythropoietin,Hypertension,CAUSES,26
Renal_artery_occlusion,Hypertension,CAUSES,12
Renal_Artery_Stenosis,Hypertension,CAUSES,247
Renal_infarction,Hypertension,CAUSES,14
Renal_ischaemia,Hypertension,CAUSES,44
Renal_vascular_disorders_NOS,Hypertension,CAUSES,58
Renin,Hypertension,CAUSES,30
Saline,Hypertension,CAUSES,11
Salts,Hypertension,CAUSES,123
Scopolamine,Alzheimers,CAUSES,34
Scopolamine,Memory_impairment,CAUSES,483
Scopolamine,Amnesia,CAUSES,432
Scopolamine,Impaired_cognition,CAUSES,178
Sensory_denervation_disorder,Hypertension,CAUSES,17
Serotonin,Hypertension,CAUSES,14
Serotonin,depolarization,CAUSES,161
Serotonin,Edema,CAUSES,142
Single_Nucleotide_Polymorphism,Alzheimers,CAUSES,10
Single_Nucleotide_Polymorphism,Amino_Acid_Substitution,CAUSES,193
Sleep_Apnea_Obstructive,Hypertension,CAUSES,115
Sleep_Apnea_Obstructive,Hypoxia,CAUSES,162
Sleep_Apnea_Syndromes,Hypertension,CAUSES,21
Sodium,Hypertension,CAUSES,75
Sodium_Chloride,Hypertension,CAUSES,535
Sodium_Chloride,Stress,CAUSES,145
Sodium_Chloride_Dietary,Hypertension,CAUSES,53
sorafenib,Hypertension,CAUSES,11
sorafenib,Apoptosis,CAUSES,198
Stenosis,Hypertension,CAUSES,57
Stenosis_unspecified,Hypertension,CAUSES,19
Stenosis_unspecified,Hydrocephalus,CAUSES,113
Steroids,Hypertension,CAUSES,47
Steroids,Bone_necrosis,CAUSES,275
Steroids,Glaucoma,CAUSES,177
Steroids,Osteoporosis,CAUSES,204
Stimulus,Hypertension,CAUSES,15
Streptozocin,Alzheimers,CAUSES,86
Streptozocin,Hypertension,CAUSES,14
Streptozocin,Diabetes,CAUSES,1740
Streptozocin,Diabetes_Mellitus_Insulin_Dependent,CAUSES,386
Streptozocin,Diabetes_Mellitus_Non_Insulin_Dependent,CAUSES,244
Streptozocin,Diabetic,CAUSES,9020
Streptozocin,Diabetic_Nephropathy,CAUSES,271
Streptozocin,Hyperglycemia,CAUSES,541
Streptozocin,Mouse_Model,CAUSES,198
Streptozocin,Diabetes_Mellitus,CAUSES,863
Study_models,Alzheimers,CAUSES,69
Study_models,Hypertension,CAUSES,69
Study_models,Dependence,CAUSES,133
Study_models,Inflammation,CAUSES,110
Study_models,Injury,CAUSES,281
Study_models,Neoplasm,CAUSES,121
Substance,Hypertension,CAUSES,20
Substance,Toxic_effect,CAUSES,102
SUCLA2_gene_SUCLA2,Alzheimers,CAUSES,66
Sugars,Hypertension,CAUSES,13
Superoxides,Hypertension,CAUSES,13
Tacrolimus,Hypertension,CAUSES,19
Takayasu_s_Arteritis,Hypertension,CAUSES,23
tau_Proteins,Alzheimers,CAUSES,27
Testosterone,Hypertension,CAUSES,10
Thrombosis,Hypertension,CAUSES,18
Thrombosis,Cerebrovascular_accident,CAUSES,112
Thrombosis,Cessation_of_life,CAUSES,209
Thrombosis,Ischemia,CAUSES,116
Thrombosis,Myocardial_Infarction,CAUSES,177
TNF_protein_human_TNF,Hypertension,CAUSES,10
TNF_protein_human_TNF,Adhesions,CAUSES,140
TNF_protein_human_TNF,Apoptosis,CAUSES,1724
TNF_protein_human_TNF,Cell_Death,CAUSES,369
TNF_protein_human_TNF,Cessation_of_life,CAUSES,151
TNF_protein_human_TNF,cytotoxicity,CAUSES,136
TNF_protein_human_TNF,Down_Regulation,CAUSES,113
TNF_protein_human_TNF,Exocytosis,CAUSES,107
TNF_protein_human_TNF,Human_cells,CAUSES,103
TNF_protein_human_TNF,Inflammation,CAUSES,307
TNF_protein_human_TNF,Inflammatory_Response,CAUSES,144
TNF_protein_human_TNF,Injury,CAUSES,137
TNF_protein_human_TNF,Insulin_Resistance,CAUSES,183
TNF_protein_human_TNF,Up_Regulation_Physiology,CAUSES,113
Tourniquets,Hypertension,CAUSES,13
Tourniquets,Ischemia,CAUSES,131
Toxic_effect,Alzheimers,CAUSES,49
Toxic_effect,Hypertension,CAUSES,14
Transplantation,Hypertension,CAUSES,15
Traumatic_Brain_Injury,Alzheimers,CAUSES,30
Traumatic_Brain_Injury,Disability_NOS,CAUSES,237
Unilateral_nephrectomy,Hypertension,CAUSES,16
Unilateral_renal_artery_stenosis,Hypertension,CAUSES,11
Uric_Acid,Hypertension,CAUSES,18
vascular_factor,Alzheimers,CAUSES,13
Vasoconstrictor_Agents,Hypertension,CAUSES,14
Vasodilation_disorder,Hypertension,CAUSES,12
Vasospasm,Hypertension,CAUSES,33
Vasospasm,Ischemia,CAUSES,101
Virus,Alzheimers,CAUSES,18
Virus,Acquired_Immunodeficiency_Syndrome,CAUSES,160
Virus,Acute_Erythroblastic_Leukemia,CAUSES,107
Virus,Communicable_Diseases,CAUSES,277
Virus,COVID_19,CAUSES,735
Virus,Cytopathic_effect,CAUSES,174
Virus,Encephalitis,CAUSES,180
Virus,Hemorrhagic_Fevers_Viral,CAUSES,114
Virus,Hepatitis,CAUSES,129
Virus,Infection,CAUSES,673
Virus,Inflammation,CAUSES,127
Virus,Influenza,CAUSES,148
Virus,Malignant_Neoplasms,CAUSES,241
Virus,Neoplasm,CAUSES,214
Virus,Pneumonia,CAUSES,174
Virus,Respiration_Disorders,CAUSES,115
Virus,Respiratory_Tract_Infections,CAUSES,159
Virus,Virus_Diseases,CAUSES,122
Vitamin_D_Deficiency,Hypertension,CAUSES,13
Vitamin_D_Deficiency,Rickets,CAUSES,146
Water,Hypertension,CAUSES,15
Wounds_and_Injuries,Hypertension,CAUSES,12
Wounds_and_Injuries,Blood_Coagulation_Disorders,CAUSES,287
Wounds_and_Injuries,Inflammation,CAUSES,151
Wounds_and_Injuries,Pain,CAUSES,163
Wounds_and_Injuries,Pseudoaneurysm,CAUSES,133
Zinc,Alzheimers,CAUSES,11
1_4_dioxin,Toxic_effect,CAUSES,101
1_Methyl_4_phenyl_1_2_3_6_tetrahydropyridine,Nerve_Degeneration,CAUSES,113
1_Methyl_4_phenyl_1_2_3_6_tetrahydropyridine,Parkinson_Disease,CAUSES,494
1_Methyl_4_phenyl_1_2_3_6_tetrahydropyridine,Parkinsonian_Disorders,CAUSES,280
2019_novel_coronavirus,COVID_19,CAUSES,5207
2019_novel_coronavirus,Inflammation,CAUSES,114
2019_novel_coronavirus,Communicable_Diseases,CAUSES,519
2019_novel_coronavirus,Pneumonia,CAUSES,250
9_10_Dimethyl_1_2_benzanthracene,Neoplasm,CAUSES,206
9_10_Dimethyl_1_2_benzanthracene,Carcinogenesis,CAUSES,238
9_10_Dimethyl_1_2_benzanthracene,Mammary_Neoplasms,CAUSES,433
Acetaminophen,Injury,CAUSES,801
Acetaminophen,Toxic_effect,CAUSES,167
Acetaminophen,Hepatotoxicity,CAUSES,955
Acetaminophen,Liver_damage,CAUSES,316
Acetaminophen,Liver_Failure_Acute,CAUSES,307
Acetylcholine,Pathological_Dilatation,CAUSES,205
Acetylcholine,Vasodilation,CAUSES,785
Acids,Injury,CAUSES,160
Aconitine,cardiac_arrhythmia,CAUSES,151
Acquired_Immunodeficiency_Syndrome,Cessation_of_life,CAUSES,434
Acute_myocardial_infarction,Cessation_of_life,CAUSES,345
adenine,Chronic_Kidney_Diseases,CAUSES,113
adenine,Kidney_Failure_Chronic,CAUSES,168
Adrenal_adenoma,Cushing_Syndrome,CAUSES,113
Adrenal_Cortical_Adenoma,Cushing_Syndrome,CAUSES,101
Adriamycin,Cardiomyopathies,CAUSES,146
Adriamycin,Kidney_Diseases,CAUSES,255
Adriamycin,Apoptosis,CAUSES,237
Infection,Cessation_of_life,CAUSES,1506
Infection,Hospitalization,CAUSES,229
Infection,Inflammation,CAUSES,350
Infection,Inflammatory_Response,CAUSES,178
Infection,Immune_response,CAUSES,255
Infection,Septicemia,CAUSES,255
Allergens,Inflammation,CAUSES,510
Allergens,Asthma,CAUSES,574
Alloxan,Diabetes,CAUSES,194
Alloxan,Diabetes_Mellitus,CAUSES,135
Alloxan,Hyperglycemia,CAUSES,106
Alloxan,Diabetic,CAUSES,1017
alpha_Synuclein,Nerve_Degeneration,CAUSES,150
alpha_Synuclein,Parkinson_Disease,CAUSES,430
Apoptosis,Autophagy,CAUSES,210
Apoptosis,Cell_Cycle_Arrest,CAUSES,269
Apoptosis,Cell_Death,CAUSES,950
Amyotrophic_Lateral_Sclerosis,Cessation_of_life,CAUSES,131
Anaphylaxis,Cessation_of_life,CAUSES,106
Aneurysm_Dissecting,Cerebrovascular_accident,CAUSES,102
Antigens,Inflammation,CAUSES,252
Anti_Inflammatory_Agents_Non_Steroidal,Injury,CAUSES,319
Anti_Inflammatory_Agents_Non_Steroidal,Ulcer,CAUSES,305
Cell_Death,Apoptosis,CAUSES,386
Arsenic,Oxidative_Stress,CAUSES,176
Arthritis,Disability_NOS,CAUSES,142
Asphyxia,Cessation_of_life,CAUSES,261
Aspiration_Pneumonia,Cessation_of_life,CAUSES,105
Aspirin,Injury,CAUSES,124
Asthma,Cessation_of_life,CAUSES,146
Asthma,Hospitalization,CAUSES,196
Bacteria,Cessation_of_life,CAUSES,176
Bacteria,Inflammation,CAUSES,303
Bacteria,Inflammatory_Response,CAUSES,142
Bacteria,Communicable_Diseases,CAUSES,354
Bacteria,Infection,CAUSES,1469
Bacteria,Pneumonia,CAUSES,246
Bacteria,Septicemia,CAUSES,219
Bacteria,Urinary_tract_infection,CAUSES,266
Bacterial_Infections,Cessation_of_life,CAUSES,157
Bacterial_Infections,Inflammation,CAUSES,163
Blast,Traumatic_Brain_Injury,CAUSES,243
Bleomycin,Fibrosis,CAUSES,385
Bleomycin,Injury,CAUSES,525
Bleomycin,Pulmonary_Fibrosis,CAUSES,1588
Bradykinin,Edema,CAUSES,100
Bradykinin,Extravasation,CAUSES,123
Bronchiolitis,Hospitalization,CAUSES,147
Carbon_Tetrachloride,Fibrosis,CAUSES,184
Carbon_Tetrachloride,Injury,CAUSES,500
Carbon_Tetrachloride,Fibrosis_Liver,CAUSES,578
Carbon_Tetrachloride,Hepatotoxicity,CAUSES,342
Carbon_Tetrachloride,Liver_damage,CAUSES,308
Carbon_tetrachloride_homeopathic_preparation,Fibrosis,CAUSES,113
Carbon_tetrachloride_homeopathic_preparation,Injury,CAUSES,122
Carcinogens,Neoplasm,CAUSES,537
Carcinogens,Malignant_Neoplasms,CAUSES,298
Cardiomyopathies_Primary,Heart_failure,CAUSES,109
Cardiomyopathy_Dilated,Congestive_heart_failure,CAUSES,109
Cardiomyopathy_Dilated,Heart_failure,CAUSES,435
Cardiopulmonary_Bypass,Inflammation,CAUSES,107
Cardiopulmonary_Bypass,Inflammatory_Response,CAUSES,203
Cardiovascular_arteriosclerosis_unspecified,Cessation_of_life,CAUSES,115
Carrageenan,Edema,CAUSES,2729
Carrageenan,Inflammation,CAUSES,742
Carrageenan,Hyperalgesia,CAUSES,266
Carrageenan,Pleurisy,CAUSES,335
CD69_protein_human_CD69,Cessation_of_life,CAUSES,101
Cerebral_Ischemia,Cessation_of_life,CAUSES,136
Cervical_Ripening,Labor_Childbirth,CAUSES,120
Chemicals,Neoplasm,CAUSES,112
Chemicals,Oxidative_Stress,CAUSES,104
Chemicals,Toxic_effect,CAUSES,262
Chemokine_C_C_Motif_Ligand_4_CCL4,Fibrosis,CAUSES,263
Chemokine_C_C_Motif_Ligand_4_CCL4,Injury,CAUSES,768
Chemokine_C_C_Motif_Ligand_4_CCL4,Oxidative_Stress,CAUSES,106
Chemokine_C_C_Motif_Ligand_4_CCL4,Toxic_effect,CAUSES,147
Chemokine_C_C_Motif_Ligand_4_CCL4,Fibrosis_Liver,CAUSES,627
Chemokine_C_C_Motif_Ligand_4_CCL4,Hepatotoxicity,CAUSES,409
Chemokine_C_C_Motif_Ligand_4_CCL4,Liver_damage,CAUSES,323
Chlorpyrifos,Toxic_effect,CAUSES,100
Chronic_Disease,Cessation_of_life,CAUSES,243
Chronic_Disease,Disability_NOS,CAUSES,136
Chronic_infectious_disease,Fibrosis,CAUSES,143
Chronic_Obstructive_Airway_Disease,Cessation_of_life,CAUSES,843
Chronic_Obstructive_Airway_Disease,Hospitalization,CAUSES,113
Cigarette_smoke,Inflammation,CAUSES,198
Cigarette_smoke,Injury,CAUSES,104
Cigarette_smoke,Oxidative_Stress,CAUSES,135
Cigarette_smoke,Pathological_accumulation_of_air_in_tissues,CAUSES,201
Cisplatin,Kidney_Failure_Acute,CAUSES,417
Cisplatin,Toxic_effect,CAUSES,378
Cisplatin,Injury,CAUSES,471
Cisplatin,Oxidative_Stress,CAUSES,156
Cisplatin,Apoptosis,CAUSES,1699
Cisplatin,Toxic_nephropathy,CAUSES,397
Cisplatin,Cell_Death,CAUSES,406
Cisplatin,cytotoxicity,CAUSES,329
Cisplatin,DNA_Damage,CAUSES,255
Cisplatin,NEPHROTOXICITY,CAUSES,966
Cisplatin,Ototoxicity,CAUSES,301
Cisplatin,Vomiting,CAUSES,539
COLLAGENASE,Cerebral_hemisphere_hemorrhage,CAUSES,201
Communicable_Diseases,Cessation_of_life,CAUSES,636
Concanavalin_A,Injury,CAUSES,234
Concanavalin_A,Hepatitis,CAUSES,343
Contrast_Media,Kidney_Diseases,CAUSES,215
Contrast_Media,Kidney_Failure_Acute,CAUSES,107
Coronary_Artery_Vasospasm,Myocardial_Infarction,CAUSES,103
Coronary_Occlusion,Myocardial_Infarction,CAUSES,128
Coronavirus_Infections,COVID_19,CAUSES,333
Pneumonia,Cessation_of_life,CAUSES,1156
Pneumonia,Hospitalization,CAUSES,312
Respiratory_Distress_Syndrome_Adult,Cessation_of_life,CAUSES,189
Respiratory_Failure,Cessation_of_life,CAUSES,537
CRYGC_CRYGEP,Injury,CAUSES,161
Cyclophosphamide,Toxic_effect,CAUSES,207
Cyclophosphamide,Cystitis,CAUSES,266
Rheumatoid_Arthritis,Disability_NOS,CAUSES,131
Death_Sudden,Cessation_of_life,CAUSES,177
Death_Sudden_Cardiac,Cessation_of_life,CAUSES,221
Degenerative_polyarthritis,Disability_NOS,CAUSES,478
Degenerative_polyarthritis,Pain,CAUSES,575
Dextran,Edema,CAUSES,152
Dextran_Sulfate,Inflammation,CAUSES,101
Dextran_Sulfate,Colitis,CAUSES,914
Dextran_Sulfate_Sodium,Inflammation,CAUSES,214
Dextran_Sulfate_Sodium,Colitis,CAUSES,3266
Dextran_Sulfate_Sodium,Mouse_Model,CAUSES,339
Dextran_Sulfate_Sodium,Ulcerative_Colitis,CAUSES,680
Diarrhea,Cessation_of_life,CAUSES,317
Diarrheal_disorder,Cessation_of_life,CAUSES,105
Non_alcoholic_Fatty_Liver_Disease,Chronic_liver_disease_NOS,CAUSES,414
Disease_Progression,Cessation_of_life,CAUSES,142
Doxorubicin,Oxidative_Stress,CAUSES,162
Doxorubicin,Toxic_effect,CAUSES,307
Doxorubicin,Cardiomyopathies,CAUSES,412
Doxorubicin,Heart_failure,CAUSES,114
Doxorubicin,Injury,CAUSES,161
Doxorubicin,Apoptosis,CAUSES,985
Doxorubicin,Cardiotoxicity,CAUSES,1009
Doxorubicin,Cell_Death,CAUSES,245
Doxorubicin,cytotoxicity,CAUSES,246
Cytokinesis_of_the_fertilized_ovum,Apoptosis,CAUSES,292
Endotoxins,Inflammation,CAUSES,408
Endotoxins,Inflammatory_Response,CAUSES,170
Endotoxins,Injury,CAUSES,451
Endotoxins,Acute_Lung_Injury,CAUSES,285
Endotoxins,Uveitis,CAUSES,380
Epilepsy,Cessation_of_life,CAUSES,175
Epilepsy,Seizures,CAUSES,212
Lesion,Degenerative_abnormality,CAUSES,221
Lesion,Obstruction,CAUSES,170
Liver_diseases,Cessation_of_life,CAUSES,249
Stress,Inflammation,CAUSES,202
Etomidate,Lack_of_sensation,CAUSES,114
Fatty_Acids,Insulin_Resistance,CAUSES,103
Fatty_Acids_Nonesterified,Insulin_Resistance,CAUSES,242
Fentanyl,Lack_of_sensation,CAUSES,195
Fluorouracil,Toxic_effect,CAUSES,112
Fluorouracil,Apoptosis,CAUSES,393
Formalin,Edema,CAUSES,132
Formalin,Pain,CAUSES,418
Freund_s_Adjuvant,Inflammation,CAUSES,350
Freund_s_Adjuvant,Arthritis,CAUSES,286
Freund_s_Adjuvant,Inflammatory_pain,CAUSES,239
Galactosamine,Injury,CAUSES,286
Glomerulonephritis,End_stage_renal_failure,CAUSES,117
Glucose,Hyperglycemia,CAUSES,241
Glucose,Injury,CAUSES,275
Glucose,Insulin_Resistance,CAUSES,123
Glucose,Oxidative_Stress,CAUSES,321
Glucose,Apoptosis,CAUSES,648
Glucose,insulin_secretion,CAUSES,1413
glucose_high,Inflammation,CAUSES,113
Glutamate,Cessation_of_life,CAUSES,295
Glutamate,Injury,CAUSES,141
Glutamate,Oxidative_Stress,CAUSES,122
Glutamate,Toxic_effect,CAUSES,220
Glutamate,Cell_Death,CAUSES,399
Glutamate,depolarization,CAUSES,206
Glycerol,Kidney_Failure_Acute,CAUSES,234
Halothane,Lack_of_sensation,CAUSES,137
Heart_Arrest,Cessation_of_life,CAUSES,267
Helicobacter_pylori,Inflammation,CAUSES,202
Helicobacter_pylori,Chronic_gastritis_NOS,CAUSES,358
Helicobacter_pylori,Gastritis,CAUSES,625
Helicobacter_pylori,Malignant_neoplasm_of_stomach,CAUSES,536
Helicobacter_pylori,Peptic_Ulcer,CAUSES,498
Hemolytic_Uremic_Syndrome,Kidney_Failure_Acute,CAUSES,155
Hemorrhage,Cessation_of_life,CAUSES,332
Hepatitis_B,Fibrosis,CAUSES,140
Hepatitis_B_Virus,Fibrosis,CAUSES,114
Hepatitis_B_Virus,Primary_carcinoma_of_the_liver_cells,CAUSES,327
Hepatitis_C,Fibrosis,CAUSES,130
Hepatitis_C_virus,Fibrosis,CAUSES,326
Hepatitis_C_virus,Chronic_liver_disease_NOS,CAUSES,399
Hepatitis_C_virus,Hepatitis_Chronic,CAUSES,253
Hepatitis_C_virus,Liver_diseases,CAUSES,350
Hepatitis_C_virus,Primary_carcinoma_of_the_liver_cells,CAUSES,471
Histamine,Edema,CAUSES,154
Histamine,Falls,CAUSES,239
HIV_Infections,Cessation_of_life,CAUSES,110
Hydrogen_Peroxide,Oxidative_Stress,CAUSES,1359
Hydrogen_Peroxide,Injury,CAUSES,629
Hydrogen_Peroxide,Toxic_effect,CAUSES,195
Hydrogen_Peroxide,Apoptosis,CAUSES,1279
Hydrogen_Peroxide,Cell_Death,CAUSES,747
Hydrogen_Peroxide,cell_injury,CAUSES,345
Hydrogen_Peroxide,cytotoxicity,CAUSES,363
Hydrogen_Peroxide,DNA_Damage,CAUSES,478
Hyperparathyroidism,Hypercalcemia,CAUSES,112
Hyperparathyroidism_Primary,Hypercalcemia,CAUSES,256
Hyperphagia,Obesity,CAUSES,147
Influenza,Cessation_of_life,CAUSES,160
Influenza,Hospitalization,CAUSES,204
Injections_Intraperitoneal,Diabetes,CAUSES,297
Interleukin_1_beta,Inflammation,CAUSES,219
Interleukin_1_beta,Inflammatory_Response,CAUSES,122
Interleukin_1_beta,Apoptosis,CAUSES,208
Ionizing_radiation,Injury,CAUSES,103
Necrosis,Cessation_of_life,CAUSES,130
Ventricular_Fibrillation,Cessation_of_life,CAUSES,105
Ventricular_Fibrillation,Heart_Arrest,CAUSES,306
Isoflurane,Lack_of_sensation,CAUSES,128
Isoproterenol,Myocardial_Infarction,CAUSES,362
Isoproterenol,Cardiac_Hypertrophy,CAUSES,209
Isoproterenol,Hypertrophy,CAUSES,193
Ketamine,Lack_of_sensation,CAUSES,241
Left_ventricular_systolic_dysfunction,Heart_failure,CAUSES,147
Septicemia,Cessation_of_life,CAUSES,1850
Septicemia,Inflammation,CAUSES,149
Septicemia,Inflammatory_Response,CAUSES,100
Septicemia,Kidney_Failure_Acute,CAUSES,198
Septicemia,Myocardial_dysfunction,CAUSES,139
Septicemia,Multiple_Organ_Failure,CAUSES,332
Septicemia,Puncture_procedure,CAUSES,487
Septicemia,Respiratory_Distress_Syndrome_Adult,CAUSES,216
Septic_Shock,Cessation_of_life,CAUSES,280
Shock,Cessation_of_life,CAUSES,260
Liver_Failure,Cessation_of_life,CAUSES,301
LRRK2_gene_LRRK2,Parkinson_Disease,CAUSES,105
Lung_diseases,Cessation_of_life,CAUSES,117
Lung_Diseases_Interstitial,Cessation_of_life,CAUSES,113
Malaria,Cessation_of_life,CAUSES,340
Malignant_Neoplasms,Hypercalcemia,CAUSES,148
Malignant_Neoplasms,Neoplasm,CAUSES,175
Massive_hemorrhage,Cessation_of_life,CAUSES,115
Metals_Heavy,Oxidative_Stress,CAUSES,112
Metals_Heavy,Toxic_effect,CAUSES,162
Methamphetamine,Toxic_effect,CAUSES,123
Methylcholanthrene,Neoplasm,CAUSES,210
Methylcholanthrene,sarcoma,CAUSES,330
Microplastics,Oxidative_Stress,CAUSES,107
Midazolam,Lack_of_sensation,CAUSES,154
Middle_Cerebral_Artery_Occlusion,Cerebrovascular_accident,CAUSES,107
Middle_Cerebral_Artery_Occlusion,Ischemia,CAUSES,187
Middle_Cerebral_Artery_Occlusion,Cerebral_Ischemia,CAUSES,231
Migraine_Disorders,Disability_NOS,CAUSES,111
Mixture,Toxic_effect,CAUSES,115
Monocrotaline,Hypertension_Pulmonary,CAUSES,510
Monocrotaline,Pulmonary_arterial_hypertension,CAUSES,313
Multiple_Organ_Failure,Cessation_of_life,CAUSES,528
Multiple_Sclerosis,Disability_NOS,CAUSES,255
Musculoskeletal_Diseases,Disability_NOS,CAUSES,103
Polycystic_Kidney_Autosomal_Dominant,End_stage_renal_failure,CAUSES,110
Mycobacterium_tuberculosis,Cessation_of_life,CAUSES,131
Mycobacterium_tuberculosis,Communicable_Diseases,CAUSES,324
Mycobacterium_tuberculosis,Tuberculosis,CAUSES,1190
Mycoses,Cessation_of_life,CAUSES,105
Nitroglycerin,Pathological_Dilatation,CAUSES,128
N_Methylaspartate,Cessation_of_life,CAUSES,102
Noncommunicable_Diseases,Cessation_of_life,CAUSES,200
Oleic_Acid,Injury,CAUSES,233
Ovalbumin,Inflammation,CAUSES,233
Ovalbumin,Asthma,CAUSES,524
Oxidants,Injury,CAUSES,210
oxidized_low_density_lipoprotein,Endothelial_dysfunction,CAUSES,135
oxidized_low_density_lipoprotein,Inflammation,CAUSES,152
oxidized_low_density_lipoprotein,Injury,CAUSES,142
oxidized_low_density_lipoprotein,Oxidative_Stress,CAUSES,116
oxidized_low_density_lipoprotein,Apoptosis,CAUSES,399
Oxidopamine,Degenerative_abnormality,CAUSES,140
Oxidopamine,Parkinson_Disease,CAUSES,251
Oxidopamine,Toxic_effect,CAUSES,130
Oxidopamine,Lesion,CAUSES,360
Oxygen,Injury,CAUSES,193
Oxygen,Retinal_Diseases,CAUSES,906
Oxytocin,Labor_Childbirth,CAUSES,352
Palmitates,Insulin_Resistance,CAUSES,169
Pandemics,COVID_19,CAUSES,233
Paraquat,Injury,CAUSES,169
Paraquat,Oxidative_Stress,CAUSES,302
parathyroid_hormone_related_protein,Hypercalcemia,CAUSES,121
particle,Inflammation,CAUSES,227
particle,Inflammatory_Response,CAUSES,149
particle,Oxidative_Stress,CAUSES,106
particle,Osteolysis,CAUSES,320
Pesticides,Oxidative_Stress,CAUSES,100
Pesticides,Toxic_effect,CAUSES,107
Placental_Insufficiency,Fetal_Growth_Retardation,CAUSES,157
Polyomavirus,Neoplasm,CAUSES,142
potassium_oxonate,Hyperuricemia,CAUSES,134
Propofol,Lack_of_sensation,CAUSES,663
Pulmonary_Embolism,Cessation_of_life,CAUSES,552
Radiation,Injury,CAUSES,206
Radiation,Toxic_effect,CAUSES,134
Reperfusion_Injury,Kidney_Failure_Acute,CAUSES,270
Respiration_Disorders,Cessation_of_life,CAUSES,210
Respiratory_Insufficiency,Cessation_of_life,CAUSES,103
Respiratory_Syncytial_Virus_Infections,Hospitalization,CAUSES,116
Respiratory_Tract_Infections,Cessation_of_life,CAUSES,128
Rhabdomyolysis,Kidney_Failure_Acute,CAUSES,408
ROS1_wt_Allele_ROS1,Oxidative_Stress,CAUSES,176
ROS1_wt_Allele_ROS1,Apoptosis,CAUSES,234
rotenone,Parkinson_Disease,CAUSES,174
Rous_sarcoma_virus,Neoplasm,CAUSES,126
SARS_coronavirus,COVID_19,CAUSES,149
Seizures,Cessation_of_life,CAUSES,262
sevoflurane,Impaired_cognition,CAUSES,158
sevoflurane,Lack_of_sensation,CAUSES,189
Shock_Cardiogenic,Cessation_of_life,CAUSES,163
Shock_Hemorrhagic,Cessation_of_life,CAUSES,161
Simian_virus_40,Neoplasm,CAUSES,124
Smoke,Inflammation,CAUSES,130
Sodium_Glutamate,Obesity,CAUSES,106
Spinal_Cord_Injuries,Disability_NOS,CAUSES,130
Starvation,Cessation_of_life,CAUSES,106
Glaucoma,Blind_Vision,CAUSES,917
Subarachnoid_Hemorrhage,Vasospasm,CAUSES,188
Substance_P,Extravasation,CAUSES,138
Sudden_infant_death_syndrome,Cessation_of_life,CAUSES,209
Systolic_dysfunction,Heart_failure,CAUSES,112
Tachycardia,Cardiomyopathies,CAUSES,313
Tachycardia,Heart_failure,CAUSES,107
tert_Butylhydroperoxide,Oxidative_Stress,CAUSES,210
Tetradecanoylphorbol_Acetate,Inflammation,CAUSES,138
TGFB1_protein_human_TGFB1,Fibrosis,CAUSES,247
TGFB1_protein_human_TGFB1,Apoptosis,CAUSES,296
TGFB1_protein_human_TGFB1,epithelial_to_mesenchymal_transition,CAUSES,518
Thioacetamide,Fibrosis,CAUSES,129
Thioacetamide,Injury,CAUSES,133
Thioacetamide,Fibrosis_Liver,CAUSES,249
Thiopental,Lack_of_sensation,CAUSES,305
Thromboembolism,Cessation_of_life,CAUSES,207
Thrombophilia,Thrombosis,CAUSES,101
Thrombus,Cerebrovascular_accident,CAUSES,104
Thrombus,Myocardial_Infarction,CAUSES,122
Thrombus,Obstruction,CAUSES,128
Down_Regulation,Apoptosis,CAUSES,826
Up_Regulation_Physiology,Apoptosis,CAUSES,335
Toxin,Injury,CAUSES,136
Transforming_Growth_Factor_beta,Fibrosis,CAUSES,205
Transforming_Growth_Factor_beta,Apoptosis,CAUSES,316
Transforming_Growth_Factor_beta,epithelial_to_mesenchymal_transition,CAUSES,483
Trisomy,Down_Syndrome,CAUSES,146
Tuberculosis,Cessation_of_life,CAUSES,1439
Turpentine,Inflammation,CAUSES,141
Vaccines,Thrombosis,CAUSES,104
Vaccines,Antibody_Formation,CAUSES,459
Vaccines,Autoimmune_thrombocytopenia,CAUSES,373
Vaccines,Immunity,CAUSES,1448
Vaccines,Protection,CAUSES,302
Venoms,Edema,CAUSES,119
Virus_Diseases,Cessation_of_life,CAUSES,133
Virus_Diseases,Inflammation,CAUSES,137
Vitamin_K_3,Oxidative_Stress,CAUSES,101
Xenobiotics,Toxic_effect,CAUSES,106
Zymosan,Inflammation,CAUSES,172
Acetic_Acid,Gastric_ulcer,CAUSES,280
Acinetobacter_baumannii,Infection,CAUSES,257
Adenosine,Vasodilation,CAUSES,204
Age_related_macular_degeneration,Blind_Vision,CAUSES,1041
Amphetamine,Hyperactive_behavior,CAUSES,236
Aneurysm_Ruptured,Subarachnoid_Hemorrhage,CAUSES,327
Antibodies,Apoptosis,CAUSES,277
Antibodies_Anti_Idiotypic,Apoptosis,CAUSES,294
Antineoplastic_Agents,Apoptosis,CAUSES,351
apoptogenic_cytochrome_c_release_channel_activity,Apoptosis,CAUSES,367
Autophagy,Apoptosis,CAUSES,481
Autophagy,Cell_Death,CAUSES,389
Cell_Cycle_Arrest,Apoptosis,CAUSES,717
arsenic_trioxide,Apoptosis,CAUSES,408
BAX_gene_BAX,Apoptosis,CAUSES,588
Bicuculline,Seizures,CAUSES,275
bortezomib,Apoptosis,CAUSES,354
Caerulein,Pancreatitis,CAUSES,822
Camptothecin,Apoptosis,CAUSES,318
Candida_albicans,Infection,CAUSES,204
Candida_species,Infection,CAUSES,206
caspase,Apoptosis,CAUSES,385
caspase_3,Apoptosis,CAUSES,612
caspase_activation,Apoptosis,CAUSES,315
Castor_Oil,Diarrhea,CAUSES,335
Cataract,Blind_Vision,CAUSES,588
Cell_Cycle,Apoptosis,CAUSES,838
Cell_Cycle_Progression,Apoptosis,CAUSES,277
Cell_Growth,Apoptosis,CAUSES,629
Cell_Proliferation,Apoptosis,CAUSES,1957
Cell_Survival,Apoptosis,CAUSES,992
Chemotherapeutic_agent,Apoptosis,CAUSES,231
Chlamydia_trachomatis,Infection,CAUSES,205
Collagen,Platelet_aggregation,CAUSES,779
Constriction_injury,Neuropathic_pain,CAUSES,316
Curcumin,Apoptosis,CAUSES,543
Cycloheximide,Apoptosis,CAUSES,211
CYTOCHROME_C,Apoptosis,CAUSES,235
Diabetic_Retinopathy,Blind_Vision,CAUSES,822
DNA_Fragmentation,Apoptosis,CAUSES,294
Enterobacteriaceae,Infection,CAUSES,396
epigallocatechin_gallate,Apoptosis,CAUSES,217
Escherichia_coli,Infection,CAUSES,440
Escherichia_coli,Septicemia,CAUSES,216
Etoposide,Apoptosis,CAUSES,651
FAS,Apoptosis,CAUSES,1073
fungus,Infection,CAUSES,569
G2_Phase,Apoptosis,CAUSES,266
gemcitabine,Apoptosis,CAUSES,253
Gentamicins,NEPHROTOXICITY,CAUSES,368
Gram_negative_bacillus,Infection,CAUSES,371
Gram_Negative_Bacteria,Infection,CAUSES,615
Gram_Positive_Bacteria,Infection,CAUSES,301
HIV,Acquired_Immunodeficiency_Syndrome,CAUSES,408
Human_Papillomavirus,Malignant_Neoplasms,CAUSES,336
Iron_deficiency,Anemia,CAUSES,508
Kainate,Seizures,CAUSES,299
Kainic_Acid,Seizures,CAUSES,807
Klebsiella_pneumonia_bacterium,Infection,CAUSES,218
Microorganism,Infection,CAUSES,741
Monoclonal_Antibodies,Apoptosis,CAUSES,206
MRSA_Methicillin_resistant_Staphylococcus_aureus_infection,Infection,CAUSES,712
Multidrug_resistant_bacteria,Infection,CAUSES,295
Mycobacterium_bovis,Tuberculosis,CAUSES,208
Mycoplasma_pneumoniae,Pneumonia,CAUSES,305
Neisseria_meningitidis,Septicemia,CAUSES,214
Nerve_injury_NOS,Neuropathic_pain,CAUSES,295
NF_kappa_B,Apoptosis,CAUSES,261
Oestrogen_deficiency,loss_bone,CAUSES,224
Ovariectomy,loss_bone,CAUSES,445
Ovariectomy,Osteoporosis,CAUSES,488
oxaliplatin,Neuropathy,CAUSES,212
oxaliplatin,Peripheral_Neuropathy,CAUSES,270
Retinal_Diseases,Blind_Vision,CAUSES,244
Paclitaxel,Apoptosis,CAUSES,583
Parasites,Infection,CAUSES,221
Parasites,Malaria,CAUSES,386
Parathyroid_Adenoma,Hyperparathyroidism_Primary,CAUSES,278
pentylenetetrazole,Seizures,CAUSES,1364
Phosphorylation,Apoptosis,CAUSES,356
Pilocarpine,Epilepsy,CAUSES,225
Pilocarpine,Seizures,CAUSES,461
Plasmodium_falciparum,Malaria,CAUSES,605
Plasmodium_vivax,Malaria,CAUSES,214
Proteasome_inhibitor,Apoptosis,CAUSES,201
Proto_Oncogene_Proteins_c_akt_AKT1,Apoptosis,CAUSES,348
Pseudomonas_aeruginosa,Infection,CAUSES,863
Pseudomonas_aeruginosa,Pneumonia,CAUSES,256
Quercetin,Apoptosis,CAUSES,214
Resistant_bacteria,Infection,CAUSES,410
Resistant_organism,Infection,CAUSES,243
Respiratory_syncytial_virus,Bronchiolitis,CAUSES,340
Respiratory_syncytial_virus,Pneumonia,CAUSES,202
Respiratory_syncytial_virus,Respiratory_Tract_Infections,CAUSES,229
resveratrol,Apoptosis,CAUSES,377
ROS1,Apoptosis,CAUSES,205
Signal_Transduction,Apoptosis,CAUSES,312
Signal_Transduction_Pathways,Apoptosis,CAUSES,339
Staphylococcus_aureus,Infection,CAUSES,1134
Staphylococcus_coagulase_negative,Infection,CAUSES,228
Staphylococcus_epidermidis,Infection,CAUSES,224
Staurosporine,Apoptosis,CAUSES,831
STN_gene_EEF1A2,Myopathy,CAUSES,223
Streptococcus_pneumoniae,Infection,CAUSES,421
Streptococcus_pneumoniae,Pneumonia,CAUSES,854
Thrombin,Platelet_aggregation,CAUSES,404
TNF_gene_TNF,Apoptosis,CAUSES,276
TNFRSF6_gene_FAS,Apoptosis,CAUSES,272
TP53_gene_TP53,Apoptosis,CAUSES,1587
TP53_gene_TP53,Cell_Death,CAUSES,218
Tretinoin,Apoptosis,CAUSES,228
Tumor_Necrosis_Factor_alpha_TNF,Apoptosis,CAUSES,252
Tumor_Necrosis_Factor_Ligand_Superfamily_Member_6_FAS,Apoptosis,CAUSES,631
Tumor_Necrosis_Factors,Apoptosis,CAUSES,460
Tunicamycin,Stress,CAUSES,335
Vaccination,Infection,CAUSES,219
WDTC1,Platelet_aggregation,CAUSES,922
