from,to
Agent,Alzheimers
Agent,Hypertension
Agent,Injury
Nitric_Oxide,Alzheimers
Nitric_Oxide,Hypertension
Nitric_Oxide,Injury
Lipopolysaccharides,Alzheimers
Lipopolysaccharides,Hypertension
Lipopolysaccharides,Inflammatory_Response
Lipopolysaccharides,Injury
Diet,Alzheimers
Diet,Hypertension
Diet,Injury
Hypertension,Alzheimers
Inflammatory_Response,Alzheimers
Inflammatory_Response,Hypertension
Injury,Alzheimers
Injury,Hypertension
Injury,Inflammatory_Response
Study_models,Alzheimers
Study_models,Hypertension
Study_models,Injury
Reactive_Oxygen_Species,Alzheimers
Reactive_Oxygen_Species,Hypertension
Reactive_Oxygen_Species,Injury
